Date,Views,Unique_Views,Clones,Unique_Clones
2026-03-07,28,3,19,16
2026-03-07,28,3,19,16
2026-03-08,38,2,41,28
2026-03-09,20,1,25,20
2026-03-10,33,1,11,8
2026-03-11,5,1,7,6
2026-03-12,6,1,6,6
2026-03-14,8,2,14,12
2026-03-15,9,2,10,9
2026-03-15,9,2,10,9
2026-03-16,12,2,7,7
2026-03-17,17,1,8,6
2026-03-18,3,1,9,7
2026-03-19,6,1,6,5
2026-03-21,0,0,4,4
2026-03-22,4,1,9,7
2026-03-22,4,1,9,7
2026-03-23,9,2,8,7
2026-03-25,0,0,7,6
2026-03-26,5,1,11,9
2026-03-27,0,0,10,8
2026-03-28,1,1,12,11
2026-03-28,1,1,12,11
2026-03-30,0,0,7,7
2026-03-31,3,1,6,5
